layer_name,layer_type,ops,L2_input_dma,L2_computation,L2_output_dma,L3_input_dma,L3_output_dma,total_cycles,op/cycle,type,category
9_tokenizer_conv_conv_1_conv_1_0_Conv,DB,37748736,117384,31220415,20364,98388,25664,31482215,1.209104235161512,conv,Convolution
241_classifier_blocks_1_linear2_MatMul_fused_with_242_classifier_blocks_1_linear2_Add,DB,4218880,52104,5539116,4312,115233,18191,5728956,0.7616522203181879,gemm,Matrix Operations
130_classifier_blocks_0_linear2_MatMul_fused_with_131_classifier_blocks_0_linear2_Add,DB,4218880,51867,5538811,4393,115415,18146,5728632,0.7616941614364527,gemm,Matrix Operations
119_classifier_blocks_0_linear1_MatMul_fused_with_BiasGelu_Add,DB,4243456,39379,5558133,8670,100433,10870,5717485,0.7634678767132776,gemm,Matrix Operations
230_classifier_blocks_1_linear1_MatMul_Grad_Gemm_5,DB,4292608,39772,5329688,16957,88031,63088,5537536,0.8054145008113045,gemm,Matrix Operations
241_classifier_blocks_1_linear2_MatMul_Grad_FusedMatMul_0_gemm,DB,4243456,39461,5351062,8696,97975,10744,5507938,0.793011929220779,gemm,Matrix Operations
230_classifier_blocks_1_linear1_MatMul_Grad_FusedMatMul_0_gemm,DB,4218880,52119,5267603,4330,110047,18090,5452189,0.8009107747869382,gemm,Matrix Operations
6_tokenizer_conv_conv_0_conv_0_0_Conv,DB,3538944,4956,3270080,36854,17654,86334,3415878,1.082219395244153,conv,Convolution
175_classifier_blocks_1_self_attn_k_proj_MatMul_fused_with_182_classifier_blocks_1_self_attn_Add_1,DB,2121728,19811,2778798,4355,100155,25109,2928228,0.7635416464241014,gemm,Matrix Operations
37_classifier_blocks_0_self_attn_q_proj_MatMul_fused_with_44_classifier_blocks_0_self_attn_Add,DB,2121728,19689,2778809,4330,100082,25169,2928079,0.7635386239212555,gemm,Matrix Operations
97_classifier_blocks_0_self_attn_proj_MatMul_fused_with_98_classifier_blocks_0_self_attn_proj_Add,DB,2121728,19761,2778806,4239,100120,25130,2928056,0.7635394482378403,gemm,Matrix Operations
64_classifier_blocks_0_self_attn_k_proj_MatMul_fused_with_71_classifier_blocks_0_self_attn_Add_1,DB,2121728,19750,2778741,4295,100041,25198,2928025,0.7635573088675771,gemm,Matrix Operations
148_classifier_blocks_1_self_attn_q_proj_MatMul_fused_with_155_classifier_blocks_1_self_attn_Add,DB,2121728,19758,2778669,4276,100117,25145,2927965,0.763577093925185,gemm,Matrix Operations
208_classifier_blocks_1_self_attn_proj_MatMul_fused_with_209_classifier_blocks_1_self_attn_proj_Add,DB,2121728,19815,2778373,4332,100149,25223,2927892,0.7636584432687764,gemm,Matrix Operations
74_classifier_blocks_0_self_attn_v_proj_MatMul_fused_with_81_classifier_blocks_0_self_attn_Add_2,DB,2121728,19799,2778475,4316,100080,25169,2927839,0.7636304087673994,gemm,Matrix Operations
185_classifier_blocks_1_self_attn_v_proj_MatMul_fused_with_192_classifier_blocks_1_self_attn_Add_2,DB,2121728,19682,2778613,4295,100017,25128,2927735,0.7635924830122078,gemm,Matrix Operations
208_classifier_blocks_1_self_attn_proj_MatMul_Grad_FusedMatMul_0_gemm,DB,2121728,19741,2640356,4276,97535,25201,2787109,0.803576487413061,gemm,Matrix Operations
200_classifier_blocks_1_self_attn_MatMul_7_Grad_FusedMatMul_1_gemm,DB,1073152,10076,1332294,4219,83943,61455,1491987,0.8054918809211781,gemm,Matrix Operations
196_classifier_blocks_1_self_attn_MatMul_6_Grad_FusedMatMul_0_gemm,DB,1073152,10075,1331443,4258,84044,61539,1491359,0.8060067160216396,gemm,Matrix Operations
200_classifier_blocks_1_self_attn_MatMul_7_Grad_FusedMatMul_0_gemm,DB,1060864,10077,1320118,2145,83974,32135,1448449,0.8036130103521049,gemm,Matrix Operations
230_classifier_blocks_1_linear1_MatMul,DB,4194304,27770,720363,8552,102049,5511,864245,5.8224867185016445,gemm,Matrix Operations
8_tokenizer_conv_conv_0_conv_0_2_MaxPool,DB,131072,32651,581923,9354,126253,30919,781100,0.22523942171043249,maxpool,Pooling
7_tokenizer_conv_conv_0_conv_0_1_Relu,DB,65536,32723,51062,47202,451333,133216,715536,1.2834593239591086,relu,Activation
GeluGrad_108,DB,0,16082,541740,8589,91312,43064,700787,0.0,gelugrad,Other
BiasGelu_Gelu,DB,98304,8120,507807,8600,68406,66839,659772,0.19358535821680284,gelu,Activation
_NCHW_TO_NHWC_MAXPOOL_PASS_0_TransposeIn,DB,0,32845,64223,33858,439556,88982,659464,0.0,transposein,Other
BiasGelu_token_8_Gelu,DB,98304,8137,507004,8604,68484,64140,656369,0.19389196140464374,gelu,Activation
_NCHW_TO_NHWC_CONV_PASS_0_TransposeOut,DB,0,32684,42630,33886,377653,74882,561735,0.0,transposeout,Other
0_classifier_blocks_1_linear1_Transpose__0_sgd,DB,0,32420,263089,17367,100106,21777,434759,0.0,sgd,sgd
11_tokenizer_conv_conv_1_conv_1_2_MaxPool,DB,65536,16284,242659,4399,111233,15491,390066,0.2700744666383691,maxpool,Pooling
10_tokenizer_conv_conv_1_conv_1_1_Relu,DB,32768,16373,27385,24615,185386,123874,377633,1.1965674639401132,relu,Activation
_NCHW_TO_NHWC_MAXPOOL_PASS_1_TransposeIn,DB,0,16319,28091,16940,194684,68802,324836,0.0,transposein,Other
200_classifier_blocks_1_self_attn_MatMul_7,DB,1048576,6072,184391,4257,51284,61435,307439,5.686698374649522,gemm,Matrix Operations
89_classifier_blocks_0_self_attn_MatMul_7,DB,1048576,6053,184328,4202,51305,61501,307389,5.688641986024912,gemm,Matrix Operations
211_classifier_blocks_1_self_attn_MatMul_8_Grad_FusedMatMul_0_gemm,DB,155648,4696,181940,4236,40919,61497,293288,0.8554908211498297,gemm,Matrix Operations
196_classifier_blocks_1_self_attn_MatMul_6,DB,1048576,8118,181923,2143,67742,31921,291847,5.763845143274902,gemm,Matrix Operations
85_classifier_blocks_0_self_attn_MatMul_6,DB,1048576,8100,181810,2145,67620,31996,291671,5.767427534239041,gemm,Matrix Operations
_NCHW_TO_NHWC_CONV_PASS_1_TransposeOut,DB,0,15959,20763,16975,117755,63813,235265,0.0,transposeout,Other
211_classifier_blocks_1_self_attn_MatMul_8_Grad_Gemm_5,DB,134144,4700,167095,559,40944,9921,223219,0.8028008019390167,gemm,Matrix Operations
189_classifier_blocks_1_self_attn_MatMul_5_Grad_Gemm_5,DB,134144,4715,167148,527,40964,9860,223214,0.8025462464402805,gemm,Matrix Operations
213_classifier_blocks_1_self_attn_MatMul_9_Grad_Gemm_5,DB,134144,4732,167095,563,40985,9830,223205,0.8028008019390167,gemm,Matrix Operations
187_classifier_blocks_1_self_attn_MatMul_4_Grad_Gemm_4,DB,134144,4698,167034,560,40918,9772,222982,0.803093980866171,gemm,Matrix Operations
177_classifier_blocks_1_self_attn_MatMul_2_Grad_Gemm_4,DB,134144,4697,167032,525,40966,9743,222963,0.8031035969155611,gemm,Matrix Operations
189_classifier_blocks_1_self_attn_MatMul_5_Grad_FusedMatMul_0_gemm,DB,132608,4699,165745,262,40972,6204,217882,0.8000724003740686,gemm,Matrix Operations
179_classifier_blocks_1_self_attn_MatMul_3_Grad_FusedMatMul_0_gemm,DB,132608,4699,165526,257,41085,6114,217681,0.8011309401544169,gemm,Matrix Operations
213_classifier_blocks_1_self_attn_MatMul_9_Grad_FusedMatMul_0_gemm,DB,132608,4684,165529,295,40984,6093,217585,0.8011164206876137,gemm,Matrix Operations
260_classifier_MatMul_Grad_FusedMatMul_0_gemm,DB,16576,4174,165495,56,37009,2926,209660,0.1001601256835554,gemm,Matrix Operations
BiasGelu_token_8_Add,DB,16384,15970,13645,8625,91186,57429,186855,1.200732869182851,add,Element-wise
227_classifier_blocks_1_norm1_Mul__Grad_0,DB,0,8104,43144,4257,69218,61331,186054,0.0,layernormalizationgrad,Other
253_classifier_norm_Mul__Grad_0,DB,0,8084,42009,4217,69342,61365,185017,0.0,layernormalizationgrad,Other
199_classifier_blocks_1_self_attn_Softmax,DB,20352,2082,129408,2105,18663,31870,184128,0.1572700296735905,softmax,Activation
88_classifier_blocks_0_self_attn_Softmax,DB,20352,1944,129364,2147,18681,31951,184087,0.15732352122692558,softmax,Activation
215_classifier_blocks_1_self_attn_Mul_4_Grad_Mul_0,DB,8192,8103,10472,4255,67733,61398,151961,0.7822765469824293,mul,Element-wise
43_classifier_blocks_0_self_attn_Mul,DB,8192,8140,10383,4217,67672,61501,151913,0.7889819897910045,mul,Element-wise
106_classifier_blocks_0_Add,DB,8192,8107,10524,4200,67572,61472,151875,0.7784112504751045,add,Element-wise
70_classifier_blocks_0_self_attn_Mul_1,DB,8192,8099,10343,4218,67647,61542,151849,0.7920332592091269,mul,Element-wise
191_classifier_blocks_1_self_attn_Mul_2,DB,8192,8099,10315,4257,67686,61459,151816,0.7941832283082889,mul,Element-wise
104_classifier_blocks_0_self_attn_Mul_4,DB,8192,8122,10328,4238,67691,61429,151808,0.7931835786212239,mul,Element-wise
181_classifier_blocks_1_self_attn_Mul_1_Grad_Mul_0,DB,8192,8120,10225,4262,67721,61478,151806,0.8011735941320294,mul,Element-wise
154_classifier_blocks_1_self_attn_Mul,DB,8192,8122,10386,4217,67674,61404,151803,0.7887540920469863,mul,Element-wise
191_classifier_blocks_1_self_attn_Mul_2_Grad_Mul_0,DB,8192,8101,10304,4257,67622,61465,151749,0.7950310559006211,mul,Element-wise
80_classifier_blocks_0_self_attn_Mul_2,DB,8192,8101,10375,4260,67634,61379,151749,0.7895903614457831,mul,Element-wise
181_classifier_blocks_1_self_attn_Mul_1,DB,8192,8000,10203,4221,67651,61530,151605,0.8029011075173969,mul,Element-wise
215_classifier_blocks_1_self_attn_Mul_4,DB,8192,7998,10381,4238,67522,61438,151577,0.789133994798189,mul,Element-wise
132_classifier_blocks_0_Add_2,DB,8192,8109,9738,4257,67755,61498,151357,0.8412405011295954,add,Element-wise
AccumulateGrad_0_classifier_blocks_1_norm1_Add_1__0_grad_add,DB,8192,8103,9763,4239,67605,61454,151164,0.839086346409915,add,Element-wise
AccumulateGrad_0_classifier_norm_Add_1__0_grad_add,DB,8192,8100,9759,4219,67601,61463,151142,0.8394302694948252,add,Element-wise
243_classifier_blocks_1_Add_2,DB,8192,8103,9502,4257,67687,61535,151084,0.8621342875184171,add,Element-wise
105_classifier_blocks_0_self_attn_Add_3,DB,8192,8101,9514,4219,67629,61548,151011,0.8610468782846332,add,Element-wise
216_classifier_blocks_1_self_attn_Add_3,DB,8192,8016,9416,4255,67715,61525,150927,0.8700084961767205,add,Element-wise
AccumulateGrad_0_classifier_blocks_1_self_attn_Reshape_3__0_grad_add,DB,8192,8012,9624,4259,67567,61437,150899,0.8512053200332502,add,Element-wise
21_classifier_Add,DB,8192,8015,9346,4235,67591,61447,150634,0.876524716456238,add,Element-wise
217_classifier_blocks_1_Add,DB,8192,8122,9163,4260,67577,61345,150467,0.8940303394084906,add,Element-wise
260_classifier_MatMul_Grad_FusedMatMul_1_gemm,DB,40960,4188,38694,4255,38265,61438,146840,1.0585620509639737,gemm,Matrix Operations
256_classifier_attention_pool_MatMul_Grad_FusedMatMul_0_gemm,DB,40960,4162,38621,4236,38232,61371,146622,1.0605629061909323,gemm,Matrix Operations
199_classifier_blocks_1_self_attn_Softmax_Grad_SoftmaxGrad_0,DB,20480,3902,70844,2147,34910,31976,143779,0.2890858788323641,softmaxgrad,Other
227_classifier_blocks_1_norm1_Mul_,DB,49152,4067,26504,4219,36610,61460,132860,1.8545125264111078,layernormfusion,Other
253_classifier_norm_Mul_,DB,49152,4062,25648,4274,36653,61527,132164,1.916406737367436,layernormfusion,Other
31_classifier_blocks_0_pre_norm_Mul_,DB,49152,4057,25696,4260,36545,61492,132050,1.912826899128269,layernormfusion,Other
142_classifier_blocks_1_pre_norm_Mul_,DB,49152,4061,25651,4257,36555,61469,131993,1.916182604966668,layernormfusion,Other
116_classifier_blocks_0_norm1_Mul_,DB,49152,4062,25623,4219,36473,61468,131845,1.9182765484135347,layernormfusion,Other
84_classifier_blocks_0_self_attn_Transpose_8,DB,0,4128,9835,4260,35107,61482,114812,0.0,transpose,Data Movement
_NCHW_TO_NHWC_MAXPOOL_PASS_1_TransposeOut,DB,0,3994,9961,4274,35013,61471,114713,0.0,transposeout,Other
195_classifier_blocks_1_self_attn_Transpose_8,DB,0,3994,9811,4217,35063,61462,114547,0.0,transpose,Data Movement
195_classifier_blocks_1_self_attn_Transpose_8_Grad_Transpose_0,DB,0,4130,8419,4257,35008,61529,113343,0.0,transpose,Data Movement
20_tokenizer_Transpose,DB,0,3991,8542,4219,35061,61449,113262,0.0,transpose,Data Movement
102_classifier_blocks_0_self_attn_MatMul_9,DB,131072,679,28192,4257,8287,61476,102891,4.649262202043133,gemm,Matrix Operations
41_classifier_blocks_0_self_attn_MatMul_1,DB,131072,696,28058,4221,8411,61383,102769,4.671466248485281,gemm,Matrix Operations
78_classifier_blocks_0_self_attn_MatMul_5,DB,131072,677,27997,4257,8274,61554,102759,4.681644461906632,gemm,Matrix Operations
213_classifier_blocks_1_self_attn_MatMul_9,DB,131072,697,28195,4219,8321,61319,102751,4.648767511970208,gemm,Matrix Operations
152_classifier_blocks_1_self_attn_MatMul_1,DB,131072,677,28056,4260,8212,61529,102734,4.671799258625606,gemm,Matrix Operations
68_classifier_blocks_0_self_attn_MatMul_3,DB,131072,622,28050,4217,8282,61471,102642,4.672798573975045,gemm,Matrix Operations
189_classifier_blocks_1_self_attn_MatMul_5,DB,131072,678,28006,4238,8254,61423,102599,4.680139970006427,gemm,Matrix Operations
179_classifier_blocks_1_self_attn_MatMul_3,DB,131072,696,27940,4219,8273,61435,102563,4.691195418754474,gemm,Matrix Operations
87_classifier_blocks_0_self_attn_Mul_3,DB,4096,4007,5520,2107,34909,31995,78538,0.7420289855072464,mul,Element-wise
198_classifier_blocks_1_self_attn_Mul_3,DB,4096,4011,5422,2147,34914,31930,78424,0.7554407967539654,mul,Element-wise
198_classifier_blocks_1_self_attn_Mul_3_Grad_Mul_0,DB,4096,4007,5400,2124,34912,31914,78357,0.7585185185185185,mul,Element-wise
66_classifier_blocks_0_self_attn_MatMul_2,DB,131072,4516,27570,298,38993,6262,77639,4.754153064925644,gemm,Matrix Operations
177_classifier_blocks_1_self_attn_MatMul_2,DB,131072,4536,27640,242,38904,6104,77426,4.742112879884226,gemm,Matrix Operations
150_classifier_blocks_1_self_attn_MatMul,DB,131072,4523,27328,295,38926,6280,77352,4.796252927400468,gemm,Matrix Operations
76_classifier_blocks_0_self_attn_MatMul_4,DB,131072,4519,27311,297,39024,6188,77339,4.79923840210904,gemm,Matrix Operations
211_classifier_blocks_1_self_attn_MatMul_8,DB,131072,4517,27209,297,38961,6217,77201,4.817229593149325,gemm,Matrix Operations
100_classifier_blocks_0_self_attn_MatMul_8,DB,131072,4521,27244,312,38973,6113,77163,4.811040963147849,gemm,Matrix Operations
187_classifier_blocks_1_self_attn_MatMul_4,DB,131072,4431,27281,261,39010,6117,77100,4.804515963491075,gemm,Matrix Operations
39_classifier_blocks_0_self_attn_MatMul,DB,131072,4411,27323,259,38918,6105,77016,4.797130622552428,gemm,Matrix Operations
260_classifier_MatMul,DB,16384,4124,23200,110,36689,3346,67469,0.7062068965517241,gemm,Matrix Operations
256_classifier_attention_pool_MatMul_fused_with_257_classifier_attention_pool_Add,DB,16576,4029,22907,71,36416,2880,66303,0.723621600384162,gemm,Matrix Operations
_NCHW_TO_NHWC_CONV_PASS_0_TransposeIn,DB,0,1432,3120,1639,15301,24791,46283,0.0,transposein,Other
262_classifier_fc_Gemm_Grad_Gemm_0,DB,2944,650,29660,101,9513,3358,43282,0.0992582602832097,gemm,Matrix Operations
classifier_fc_weight_sgd,DB,0,1182,15661,694,12411,11660,41608,0.0,sgd,sgd
262_classifier_fc_Gemm,DB,2590,699,26395,71,9553,2524,39242,0.09812464481909453,gemm,Matrix Operations
0_classifier_blocks_1_self_attn_Transpose_3__0_sgd,DB,0,950,12589,559,10297,9843,34238,0.0,sgd,sgd
0_classifier_blocks_1_self_attn_Transpose_11__0_sgd,DB,0,910,12590,525,10393,9804,34222,0.0,sgd,sgd
0_classifier_blocks_1_self_attn_Transpose_5__0_sgd,DB,0,931,12573,523,10375,9807,34209,0.0,sgd,sgd
0_classifier_blocks_1_self_attn_Transpose_6__0_sgd,DB,0,932,12592,523,10288,9728,34063,0.0,sgd,sgd
262_classifier_fc_Gemm_Grad_Gemm_1,DB,6400,672,10159,657,10814,11715,34017,0.6299832660694951,gemm,Matrix Operations
0_classifier_blocks_1_self_attn_Transpose_10__0_sgd,DB,0,828,12551,557,10260,9808,34004,0.0,sgd,sgd
259_classifier_Softmax,DB,318,107,17338,52,2564,2893,22954,0.018341215826508248,softmax,Activation
onnx__SoftmaxCrossEntropyLoss__4,DB,0,156,4200,60,4214,2661,11291,0.0,softmaxcrossentropyloss,Other
onnx__SoftmaxCrossEntropyLoss__4_Grad_SoftmaxCrossEntropyLossGrad_0,DB,0,156,3805,88,4072,2559,10680,0.0,softmaxcrossentropylossgrad,Other
259_classifier_Softmax_Grad_SoftmaxGrad_0,DB,320,141,1546,73,4230,2932,8922,0.2069857697283312,softmaxgrad,Other
classifier_fc_bias_sgd,DB,0,160,468,71,4188,2635,7522,0.0,sgd,sgd
